<application>
  <component name="Translation.Cache">
    <option name="lastTrimTime" value="1693208021624" />
  </component>
  <component name="Translation.Settings">
    <option name="baiduTranslateSettings">
      <app-key>
        <option name="appId" value="20211206001020167" />
      </app-key>
    </option>
    <option name="primaryLanguage" value="CHINESE" />
    <option name="translator" value="BAIDU" />
  </component>
  <component name="Translation.States">
    <option name="newTranslationDialogWidth" value="590" />
    <option name="newTranslationDialogX" value="3051" />
    <option name="newTranslationDialogY" value="660" />
    <histories>
      <item value="'w' open for writing, truncating the file first" />
      <item value="open for writing, appending to the end of the file if it exists" />
      <item value="PermissionError: [Errno 13] Permission denied: 'D:\\zjz\\TaxServices\\rpa\\driver\\chromedriver_115.exe'" />
      <item value="Only go into this conditional for browsers that don't use the atom themselves" />
      <item value="&quot;&quot;&quot;Whether the element is visible to a user.&quot;&quot;&quot;" />
      <item value="TypeError: expected str, bytes or os.PathLike object, not NoneType" />
      <item value="TypeError: __init__() got multiple values for argument 'addr_driver_opts'" />
      <item value="TypeError: __init__() got an unexpected keyword argument 'driver_or_options'" />
      <item value="During handling of the above exception, another exception occurred:" />
      <item value="perf_counter() -&gt; float Performance counter for benchmarking." />
      <item value="patching driver executable C:\Users\12435\Desktop\chromedriver_115.exe found no replace block patching took us 0.01 seconds" />
      <item value="TypeError: list indices must be integers or slices, not str" />
      <item value="retry interval" />
      <item value="selenium.common.exceptions.JavascriptException: Message: TypeError: el is null" />
      <item value="selenium.common.exceptions.WebDriverException: Message: Process unexpectedly closed with status 0" />
      <item value="a Tax Bureau Page" />
      <item value="税局页面异常" />
      <item value="Process" />
      <item value="Proces" />
      <item value="检查权限" />
      <item value="defaultdict(default_factory[, ...]) --&gt; dict with default factory The default factory is called without arguments to produce a new value when a key is not present, in __getitem__ only. A defaultdict compares equal to a dict with the same items. All remaining arguments are treated the same as if they were passed to the dict constructor, including keyword arguments. (copied from class doc)" />
      <item value="TypeError: string indices must be integers" />
      <item value="&quot;&quot;&quot;Creates a new instance of the chrome driver. Starts the service and then creates new instance of chrome driver. :Args: - options - this takes an instance of ChromeOptions - service - Service object for handling the browser driver if you need to pass extra details - keep_alive - Whether to configure ChromeRemoteConnection to use HTTP keep-alive. &quot;&quot;&quot;" />
      <item value="did not find a bad exit_type flag" />
      <item value="Gets the latest major version available, or the latest major version of self.target_version if set explicitly. :return: version string :rtype: LooseVersion" />
      <item value="fetch release number" />
      <item value="TypeError: __init__() got an unexpected keyword argument 'port'" />
      <item value="selenium.common.exceptions.SessionNotCreatedException: Message: Expected browser binary location, but unable to find binary in default location, no 'moz:firefoxOptions.binary' capability provided, and no binary flag set on the command line" />
      <item value="Message: Expected browser binary location, but unable to find binary in default location, no 'moz:firefoxOptions.binary' capability provided, and no binary flag set on the command line" />
      <item value="&quot;&quot;&quot; Adds an argument to the list :Args: - Sets the arguments &quot;&quot;&quot;" />
      <item value="institutional criteria" />
      <item value="not clickable at point (404, 274). Other element would receive the click: &lt;div class=&quot;layui-table-cell laytable-cell-4-0-1&quot;&gt;...&lt;div&gt;" />
      <item value="has_report_success error" />
      <item value="&quot;&quot;&quot;Implements exponential-backoff strategy. This strategy is based on the GRPC Connection Backoff Protocol: https:github.comgrpcgrpcblobmasterdocconnection-backoff.md&quot;&quot;&quot;" />
      <item value="Decorator function that instantiates the Retrying object @param dargs: positional arguments passed to Retrying object @param dkw: keyword arguments passed to the Retrying object" />
      <item value="upload task profiling" />
      <item value="&quot;&quot;&quot;Gets the given attribute or property of the element. This method will first try to return the value of a property with the given name. If a property with that name doesn't exist, it returns the value of the attribute with the same name. If there's no attribute with that name, ``None`` is returned. Values which are considered truthy, that is equals &quot;true&quot; or &quot;false&quot;, are returned as booleans. All other non-``None`` values are returned as strings. For attributes or properties which do not exist, ``None`` is returned. :Args: - name - Name of the attributeproperty to retrieve. Example:: Check if the &quot;active&quot; CSS class is applied to an element. is_active = &quot;active&quot; in target_element.get_attribute(&quot;class&quot;) &quot;&quot;&quot;" />
      <item value="If ``indent`` is a non-negative integer, then JSON array elements and object members will be pretty-printed with that indent level. An indent level of 0 will only insert newlines. ``None`` is the most compact representation." />
      <item value="prepare" />
      <item value="reset pwd internal" />
      <item value="A few terms: TaskRunner is an automaton based on the Task &amp; the Robot &amp; some env.CONFIGURATION. RpaMaster: The API Interface with the backend [Using DI to support Zjz, OpenTax, FpApi] Robot: An ex-webdriver for manipulate chrome with xpath mainly." />
      <item value="Failed to execute 'evaluate' on 'Document': The string '' is not a valid XPath expression." />
      <item value="Round a number to a given precision in decimal digits. The return value is an integer if ndigits is omitted or None. Otherwise the return value has the same type as the number. ndigits may be negative." />
      <item value="Thrown when a reference to an element is now &quot;stale&quot;. Stale means the element no longer appears on the DOM of the page. Possible causes of StaleElementReferenceException include, but not limited to: You are no longer on the same page, or the page may have refreshed since the element was located. The element may have been removed and re-added to the screen, since it was located. Such as an element being relocated. This can happen typically with a javascript framework when values are updated and the node is rebuilt. Element may have been inside an iframe or another context which was refreshed." />
      <item value="wait click ele by xpath" />
      <item value="Tax Info Related Special service" />
      <item value="Specified parent element is no longer attached to the DOM" />
      <item value="Clears the text if it's a text entry element." />
      <item value="financial Statements" />
      <item value="execute script" />
    </histories>
    <option name="languageScores">
      <map>
        <entry key="CHINESE" value="54" />
        <entry key="ENGLISH" value="55" />
        <entry key="PORTUGUESE" value="1" />
      </map>
    </option>
  </component>
</application>