<application>
  <component name="Translation.Cache">
    <option name="lastTrimTime" value="1695192165089" />
  </component>
  <component name="Translation.Settings">
    <option name="baiduTranslateSettings">
      <app-key>
        <option name="appId" value="20211206001020167" />
      </app-key>
    </option>
    <option name="primaryLanguage" value="CHINESE" />
  </component>
  <component name="Translation.States">
    <option name="newTranslationDialogWidth" value="590" />
    <option name="newTranslationDialogX" value="3051" />
    <option name="newTranslationDialogY" value="660" />
    <histories>
      <item value="fixme: check tax_name in tax.name" />
      <item value="因为实际经营业务需要，放弃享受减按1%征收率征收增值税政策。" />
      <item value="对比不符合" />
      <item value="用于局部成功失败情况" />
      <item value="Part Status" />
      <item value="&quot;&quot;&quot;Return true if and only if the internal flag is true.&quot;&quot;&quot;" />
      <item value="bucket" />
      <item value="批量开具" />
      <item value="Kp Tax Over Date" />
      <item value="被禁用" />
      <item value="Return whether the object is callable (i.e., some kind of function). Note that classes are callable, as are instances of classes with a __call__() method." />
      <item value="login prepare" />
      <item value="the name could pull the beijing's task only has 'firefox' in machine-id literally." />
      <item value="Return a new list containing all items from the iterable in ascending order. A custom key function can be supplied to customize the sort order, and the reverse flag can be set to request the result in descending order." />
      <item value="'w' open for writing, truncating the file first" />
      <item value="open for writing, appending to the end of the file if it exists" />
      <item value="PermissionError: [Errno 13] Permission denied: 'D:\\zjz\\TaxServices\\rpa\\driver\\chromedriver_115.exe'" />
      <item value="Only go into this conditional for browsers that don't use the atom themselves" />
      <item value="&quot;&quot;&quot;Whether the element is visible to a user.&quot;&quot;&quot;" />
      <item value="TypeError: expected str, bytes or os.PathLike object, not NoneType" />
      <item value="TypeError: __init__() got multiple values for argument 'addr_driver_opts'" />
      <item value="TypeError: __init__() got an unexpected keyword argument 'driver_or_options'" />
      <item value="During handling of the above exception, another exception occurred:" />
      <item value="perf_counter() -&gt; float Performance counter for benchmarking." />
      <item value="patching driver executable C:\Users\12435\Desktop\chromedriver_115.exe found no replace block patching took us 0.01 seconds" />
      <item value="TypeError: list indices must be integers or slices, not str" />
      <item value="retry interval" />
      <item value="selenium.common.exceptions.JavascriptException: Message: TypeError: el is null" />
      <item value="selenium.common.exceptions.WebDriverException: Message: Process unexpectedly closed with status 0" />
      <item value="a Tax Bureau Page" />
      <item value="税局页面异常" />
      <item value="Process" />
      <item value="Proces" />
      <item value="检查权限" />
      <item value="defaultdict(default_factory[, ...]) --&gt; dict with default factory The default factory is called without arguments to produce a new value when a key is not present, in __getitem__ only. A defaultdict compares equal to a dict with the same items. All remaining arguments are treated the same as if they were passed to the dict constructor, including keyword arguments. (copied from class doc)" />
      <item value="TypeError: string indices must be integers" />
      <item value="&quot;&quot;&quot;Creates a new instance of the chrome driver. Starts the service and then creates new instance of chrome driver. :Args: - options - this takes an instance of ChromeOptions - service - Service object for handling the browser driver if you need to pass extra details - keep_alive - Whether to configure ChromeRemoteConnection to use HTTP keep-alive. &quot;&quot;&quot;" />
      <item value="did not find a bad exit_type flag" />
      <item value="Gets the latest major version available, or the latest major version of self.target_version if set explicitly. :return: version string :rtype: LooseVersion" />
      <item value="fetch release number" />
      <item value="TypeError: __init__() got an unexpected keyword argument 'port'" />
      <item value="selenium.common.exceptions.SessionNotCreatedException: Message: Expected browser binary location, but unable to find binary in default location, no 'moz:firefoxOptions.binary' capability provided, and no binary flag set on the command line" />
      <item value="Message: Expected browser binary location, but unable to find binary in default location, no 'moz:firefoxOptions.binary' capability provided, and no binary flag set on the command line" />
      <item value="&quot;&quot;&quot; Adds an argument to the list :Args: - Sets the arguments &quot;&quot;&quot;" />
      <item value="institutional criteria" />
      <item value="not clickable at point (404, 274). Other element would receive the click: &lt;div class=&quot;layui-table-cell laytable-cell-4-0-1&quot;&gt;...&lt;div&gt;" />
      <item value="has_report_success error" />
      <item value="&quot;&quot;&quot;Implements exponential-backoff strategy. This strategy is based on the GRPC Connection Backoff Protocol: https:github.comgrpcgrpcblobmasterdocconnection-backoff.md&quot;&quot;&quot;" />
      <item value="Decorator function that instantiates the Retrying object @param dargs: positional arguments passed to Retrying object @param dkw: keyword arguments passed to the Retrying object" />
      <item value="upload task profiling" />
    </histories>
    <option name="languageScores">
      <map>
        <entry key="CHINESE" value="67" />
        <entry key="ENGLISH" value="68" />
        <entry key="PORTUGUESE" value="1" />
      </map>
    </option>
  </component>
</application>