<keymap version="1" name="Windows copy" parent="$default">
  <action id="CloseAllEditorsButActive">
    <keyboard-shortcut first-keystroke="ctrl alt 4" />
  </action>
  <action id="CollapseSelection" />
  <action id="EditorChooseLookupItemDot" />
  <action id="EditorLineEnd">
    <keyboard-shortcut first-keystroke="end" />
    <keyboard-shortcut first-keystroke="ctrl period" />
  </action>
  <action id="EditorLineStart">
    <keyboard-shortcut first-keystroke="home" />
    <keyboard-shortcut first-keystroke="ctrl comma" />
  </action>
  <action id="EditorTextEnd" />
  <action id="Vcs.UpdateProject">
    <keyboard-shortcut first-keystroke="ctrl t" />
    <keyboard-shortcut first-keystroke="ctrl alt slash" />
  </action>
</keymap>